use NavCareerDB;

-- Kỹ sư Robot công nghiệp
INSERT INTO Courses (course_name, course_short_description, course_full_description, course_price, course_duration, course_piority_index, course_status, [user_id]) VALUES
(N'Kỹ thuật Robot và tự động hóa', N'Khám phá kỹ thuật robot và tự động hóa', N'Khóa học cung cấp kiến thức về thiết kế và lập trình robot công nghiệp', 8000000, N'50 Giờ', 1, 1, 1),
(N'Robot trong sản xuất và dây chuyền lắp ráp', N'Khám phá robot trong sản xuất', N'Khóa học cung cấp kiến thức về ứng dụng robot trong sản xuất và dây chuyền lắp ráp', 7500000, N'45 Giờ', 4, 1, 1),
(N'Kỹ thuật điều khiển robot', N'Khám phá điều khiển robot', N'Khóa học cung cấp kiến thức về các hệ thống điều khiển robot công nghiệp', 7000000, N'40 Giờ', 1, 1, 1),
(N'Ứng dụng AI trong robot công nghiệp', N'Khám phá AI trong robot công nghiệp', N'Khóa học cung cấp kiến thức về ứng dụng trí tuệ nhân tạo trong robot công nghiệp', 8500000, N'55 Giờ', 4, 1, 1),
(N'Phân tích dữ liệu trong robot công nghiệp', N'Khám phá phân tích dữ liệu trong robot công nghiệp', N'Khóa học cung cấp kiến thức về phân tích dữ liệu và tối ưu hóa hoạt động robot công nghiệp', 7800000, N'50 Giờ', 1, 1, 1),
(N'Kỹ thuật ô tô điện cơ bản', N'Khám phá kỹ thuật ô tô điện cơ bản', N'Khóa học cung cấp kiến thức cơ bản về cấu tạo và vận hành ô tô điện', 7000000, N'45 Giờ', 1, 1, 1),
(N'Sửa chữa và bảo dưỡng ô tô điện', N'Khám phá sửa chữa ô tô điện', N'Khóa học cung cấp kiến thức về sửa chữa và bảo dưỡng ô tô điện', 7500000, N'50 Giờ', 4, 1, 1),
(N'Thiết kế hệ thống truyền động cho ô tô điện', N'Khám phá thiết kế truyền động ô tô điện', N'Khóa học cung cấp kiến thức về thiết kế và lắp đặt hệ thống truyền động cho ô tô điện', 8000000, N'55 Giờ', 1, 1, 1),
(N'Pin và hệ thống điện của ô tô điện', N'Khám phá pin ô tô điện', N'Khóa học cung cấp kiến thức về pin và hệ thống điện trong ô tô điện', 7500000, N'50 Giờ', 4, 1, 1),
(N'An toàn trong sử dụng và bảo trì ô tô điện', N'Khám phá an toàn ô tô điện', N'Khóa học cung cấp kiến thức về các biện pháp an toàn khi sử dụng và bảo trì ô tô điện', 7200000, N'40 Giờ', 1, 1, 1),
(N'Giới thiệu về năng lượng mặt trời', N'Khám phá năng lượng mặt trời', N'Khóa học cung cấp kiến thức cơ bản về năng lượng mặt trời và các hệ thống điện mặt trời', 7000000, N'40 Giờ', 1, 1, 1),
(N'Lắp đặt và bảo trì hệ thống năng lượng mặt trời', N'Khám phá lắp đặt năng lượng mặt trời', N'Khóa học cung cấp kiến thức về lắp đặt và bảo trì hệ thống điện mặt trời', 7500000, N'50 Giờ', 4, 1, 1),
(N'Thiết kế hệ thống điện mặt trời cho hộ gia đình', N'Khám phá thiết kế điện mặt trời hộ gia đình', N'Khóa học cung cấp kiến thức về thiết kế hệ thống điện mặt trời cho hộ gia đình', 8000000, N'55 Giờ', 1, 1, 1),
(N'Quản lý và vận hành hệ thống điện mặt trời', N'Khám phá quản lý hệ thống điện mặt trời', N'Khóa học cung cấp kiến thức về quản lý và vận hành hệ thống điện mặt trời', 7800000, N'50 Giờ', 4, 1, 1),
(N'An toàn trong lắp đặt và vận hành hệ thống điện mặt trời', N'Khám phá an toàn điện mặt trời', N'Khóa học cung cấp kiến thức về các tiêu chuẩn an toàn khi lắp đặt và vận hành hệ thống điện mặt trời', 7200000, N'45 Giờ', 1, 1, 1),
(N'Kỹ thuật xây dựng cơ bản', N'Khám phá kỹ thuật xây dựng cơ bản', N'Khóa học cung cấp kiến thức cơ bản về các kỹ thuật trong xây dựng', 7000000, N'45 Giờ', 1, 1, 1),
(N'Quản lý dự án xây dựng', N'Khám phá quản lý dự án xây dựng', N'Khóa học cung cấp kiến thức về quản lý các dự án xây dựng từ đầu đến cuối', 7500000, N'50 Giờ', 4, 1, 1),
(N'Thiết kế công trình xây dựng', N'Khám phá thiết kế công trình', N'Khóa học cung cấp kiến thức về thiết kế các công trình xây dựng dân dụng và công nghiệp', 8000000, N'55 Giờ', 1, 1, 2),
(N'Vật liệu và kỹ thuật xây dựng', N'Khám phá vật liệu xây dựng', N'Khóa học cung cấp kiến thức về các vật liệu xây dựng và kỹ thuật thi công', 7800000, N'50 Giờ', 4, 1, 2),
(N'An toàn trong xây dựng', N'Khám phá an toàn trong xây dựng', N'Khóa học cung cấp kiến thức về các quy định và thực hành an toàn trong ngành xây dựng', 7200000, N'45 Giờ', 1, 1, 2),
(N'Giới thiệu về máy CNC', N'Khám phá máy CNC', N'Khóa học cung cấp kiến thức cơ bản về máy CNC và các ứng dụng trong sản xuất', 7000000, N'40 Giờ', 1, 1, 2),
(N'Lập trình và vận hành máy CNC', N'Khám phá lập trình máy CNC', N'Khóa học cung cấp kiến thức về lập trình và vận hành máy CNC', 7500000, N'45 Giờ', 4, 1, 2),
(N'Sửa chữa và bảo dưỡng máy CNC', N'Khám phá sửa chữa máy CNC', N'Khóa học cung cấp kiến thức về sửa chữa và bảo dưỡng máy CNC', 8000000, N'50 Giờ', 1, 1, 2),
(N'Thiết kế mẫu cho máy CNC', N'Khám phá thiết kế mẫu CNC', N'Khóa học cung cấp kiến thức về thiết kế các mẫu sản phẩm cho máy CNC', 7800000, N'50 Giờ', 3, 1, 2),
(N'An toàn khi vận hành máy CNC', N'Khám phá an toàn CNC', N'Khóa học cung cấp kiến thức về an toàn trong khi vận hành máy CNC', 7200000, N'45 Giờ', 1, 1, 2),
(N'Nghiên cứu di truyền học cơ bản', N'Khám phá di truyền học cơ bản', N'Khóa học cung cấp kiến thức cơ bản về di truyền học và các ứng dụng của nó', 7000000, N'45 Giờ', 5, 1, 2),
(N'Phân tích gene và mã di truyền', N'Khám phá phân tích gene', N'Khóa học cung cấp kiến thức về phân tích gene và mã di truyền', 7500000, N'50 Giờ', 3, 1, 2),
(N'Ứng dụng di truyền học trong y học', N'Khám phá ứng dụng di truyền học', N'Khóa học cung cấp kiến thức về ứng dụng di truyền học trong y học và điều trị bệnh', 8000000, N'55 Giờ', 5, 1, 1),
(N'Thiết kế nghiên cứu di truyền', N'Khám phá thiết kế nghiên cứu di truyền', N'Khóa học cung cấp kiến thức về thiết kế nghiên cứu di truyền', 7800000, N'50 Giờ', 3, 1, 1),
(N'Chẩn đoán di truyền trong y học', N'Khám phá chẩn đoán di truyền', N'Khóa học cung cấp kiến thức về chẩn đoán di truyền và các kỹ thuật xét nghiệm hiện đại', 7200000, N'45 Giờ', 5, 1, 1),
(N'Phân tích dữ liệu xã hội', N'Khám phá phân tích dữ liệu xã hội', N'Khóa học cung cấp kiến thức về phân tích dữ liệu xã hội và các phương pháp thống kê', 7000000, N'40 Giờ', 5, 1, 1),
(N'Trí tuệ nhân tạo trong phân tích dữ liệu', N'Khám phá AI trong phân tích dữ liệu', N'Khóa học cung cấp kiến thức về ứng dụng trí tuệ nhân tạo trong phân tích dữ liệu xã hội', 7500000, N'50 Giờ', 3, 1, 1),
(N'Sử dụng Python trong phân tích dữ liệu', N'Khám phá Python trong phân tích dữ liệu', N'Khóa học cung cấp kiến thức về sử dụng Python cho phân tích và trực quan hóa dữ liệu', 8000000, N'55 Giờ', 5, 1, 1),
(N'Phân tích dữ liệu lớn', N'Khám phá phân tích dữ liệu lớn', N'Khóa học cung cấp kiến thức về phân tích dữ liệu lớn trong các nghiên cứu xã hội', 7800000, N'50 Giờ', 3, 1, 1),
(N'Phân tích dữ liệu khảo sát', N'Khám phá phân tích dữ liệu khảo sát', N'Khóa học cung cấp kiến thức về phân tích dữ liệu khảo sát trong nghiên cứu xã hội', 7200000, N'45 Giờ', 5, 1, 1),
(N'Giới thiệu về trí tuệ nhân tạo', N'Khám phá trí tuệ nhân tạo', N'Khóa học cung cấp kiến thức cơ bản về trí tuệ nhân tạo và các ứng dụng của nó', 7000000, N'40 Giờ', 5, 1, 1),
(N'Học máy và học sâu', N'Khám phá học máy và học sâu', N'Khóa học cung cấp kiến thức về các kỹ thuật học máy và học sâu trong trí tuệ nhân tạo', 7500000, N'50 Giờ', 3, 1, 1),
(N'Xử lý ngôn ngữ tự nhiên', N'Khám phá xử lý ngôn ngữ tự nhiên', N'Khóa học cung cấp kiến thức về xử lý ngôn ngữ tự nhiên trong trí tuệ nhân tạo', 8000000, N'55 Giờ', 5, 1, 1),
(N'Ứng dụng AI trong doanh nghiệp', N'Khám phá ứng dụng AI', N'Khóa học cung cấp kiến thức về ứng dụng trí tuệ nhân tạo trong các ngành công nghiệp', 7800000, N'50 Giờ', 3, 1, 1),
(N'Phát triển AI với Python', N'Khám phá phát triển AI với Python', N'Khóa học cung cấp kiến thức về phát triển trí tuệ nhân tạo sử dụng Python', 7200000, N'45 Giờ', 5, 1, 1),
(N'Vật lý cơ bản', N'Khám phá vật lý cơ bản', N'Khóa học cung cấp kiến thức cơ bản về vật lý và các nguyên lý cơ bản', 7000000, N'40 Giờ', 5, 1, 1),
(N'Vật lý lượng tử', N'Khám phá vật lý lượng tử', N'Khóa học cung cấp kiến thức về vật lý lượng tử và các ứng dụng trong công nghệ', 7500000, N'50 Giờ', 3, 1, 1),
(N'Vật lý ứng dụng', N'Khám phá vật lý ứng dụng', N'Khóa học cung cấp kiến thức về các ứng dụng của vật lý trong công nghệ và đời sống', 8000000, N'55 Giờ', 5, 1, 1),
(N'Thiết kế thí nghiệm vật lý', N'Khám phá thiết kế thí nghiệm vật lý', N'Khóa học cung cấp kiến thức về thiết kế và thực hiện thí nghiệm trong vật lý', 7800000, N'50 Giờ', 3, 1, 1),
(N'Vật lý thiên văn', N'Khám phá vật lý thiên văn', N'Khóa học cung cấp kiến thức về vật lý trong vũ trụ và nghiên cứu thiên văn học', 7200000, N'45 Giờ', 5, 1, 1),
(N'Sinh học biển cơ bản', N'Khám phá sinh học biển', N'Khóa học cung cấp kiến thức cơ bản về sinh học biển và các hệ sinh thái biển', 7000000, N'45 Giờ', 5, 1, 1),
(N'Quản lý bảo tồn biển', N'Khám phá quản lý bảo tồn biển', N'Khóa học cung cấp kiến thức về bảo tồn các hệ sinh thái biển và động vật biển', 7500000, N'50 Giờ', 4, 1, 1),
(N'Khí hậu biển và biến đổi khí hậu', N'Khám phá khí hậu biển', N'Khóa học cung cấp kiến thức về ảnh hưởng của biến đổi khí hậu đến sinh học biển', 8000000, N'55 Giờ', 5, 1, 1),
(N'Nghiên cứu động vật biển', N'Khám phá động vật biển', N'Khóa học cung cấp kiến thức về nghiên cứu và bảo vệ động vật biển', 7800000, N'50 Giờ', 4, 1, 1),
(N'Sinh thái học biển', N'Khám phá sinh thái học biển', N'Khóa học cung cấp kiến thức về các hệ sinh thái biển và các loài sống trong đó', 7200000, N'45 Giờ', 5, 1, 1),
(N'Khóa học thiết kế đồ họa 3D cơ bản', N'Khám phá thiết kế đồ họa 3D cơ bản', N'Khóa học cung cấp kiến thức cơ bản về thiết kế đồ họa 3D sử dụng các phần mềm phổ biến', 7000000, N'45 Giờ', 5, 1, 1),
(N'Modeling và rendering trong 3D', N'Khám phá modeling và rendering', N'Khóa học cung cấp kiến thức về modeling và rendering trong thiết kế đồ họa 3D', 7500000, N'50 Giờ', 4, 1, 1),
(N'Kỹ thuật dựng hình 3D', N'Khám phá dựng hình 3D', N'Khóa học cung cấp kiến thức về kỹ thuật dựng hình 3D trong thiết kế đồ họa', 8000000, N'55 Giờ', 2, 1, 1),
(N'Ứng dụng đồ họa 3D trong game', N'Khám phá ứng dụng đồ họa 3D', N'Khóa học cung cấp kiến thức về ứng dụng thiết kế đồ họa 3D trong phát triển game', 7800000, N'50 Giờ', 4, 1, 1),
(N'Thực tế ảo và 3D', N'Khám phá thực tế ảo và 3D', N'Khóa học cung cấp kiến thức về ứng dụng đồ họa 3D trong môi trường thực tế ảo', 7200000, N'45 Giờ', 2, 1, 1),
(N'Khóa học thiết kế nội thất cơ bản', N'Khám phá thiết kế nội thất cơ bản', N'Khóa học cung cấp kiến thức cơ bản về thiết kế nội thất và cách tạo không gian sống', 7000000, N'45 Giờ', 2, 1, 1),
(N'Thiết kế không gian sống', N'Khám phá thiết kế không gian sống', N'Khóa học cung cấp kiến thức về cách thiết kế các không gian sống cho căn hộ, văn phòng, nhà ở', 7500000, N'50 Giờ', 4, 1, 2),
(N'Kỹ thuật thiết kế nội thất', N'Khám phá kỹ thuật thiết kế nội thất', N'Khóa học cung cấp kiến thức về các kỹ thuật trong thiết kế nội thất từ không gian nhỏ đến lớn', 8000000, N'55 Giờ', 2, 1, 2),
(N'Thực tế ảo trong thiết kế nội thất', N'Khám phá thực tế ảo trong thiết kế nội thất', N'Khóa học cung cấp kiến thức về ứng dụng thực tế ảo trong thiết kế và trình diễn nội thất', 7800000, N'50 Giờ', 4, 1, 2),
(N'Phần mềm thiết kế nội thất', N'Khám phá phần mềm thiết kế nội thất', N'Khóa học cung cấp kiến thức về sử dụng các phần mềm thiết kế nội thất phổ biến', 7200000, N'45 Giờ', 2, 1, 2),
(N'Nhạc lý cơ bản', N'Khám phá nhạc lý cơ bản', N'Khóa học cung cấp kiến thức cơ bản về nhạc lý cho nhạc sĩ điện tử', 7000000, N'40 Giờ', 2, 1, 2),
(N'Sản xuất âm nhạc điện tử', N'Khám phá sản xuất âm nhạc điện tử', N'Khóa học cung cấp kiến thức về các phần mềm sản xuất âm nhạc điện tử phổ biến', 7500000, N'50 Giờ', 4, 1, 2),
(N'Mix và Mastering âm nhạc điện tử', N'Khám phá mix và mastering âm nhạc điện tử', N'Khóa học cung cấp kiến thức về kỹ thuật mix và mastering âm nhạc điện tử', 8000000, N'55 Giờ', 2, 1, 2),
(N'Phát triển nhạc cụ điện tử', N'Khám phá phát triển nhạc cụ điện tử', N'Khóa học cung cấp kiến thức về cách phát triển và sử dụng nhạc cụ điện tử trong âm nhạc', 7800000, N'50 Giờ', 4, 1, 2),
(N'Ứng dụng âm thanh trong các sản phẩm kỹ thuật số', N'Khám phá ứng dụng âm thanh', N'Khóa học cung cấp kiến thức về việc sử dụng âm thanh trong các sản phẩm kỹ thuật số như game, ứng dụng', 7200000, N'45 Giờ', 2, 1, 2),
(N'Nhập môn nhiếp ảnh', N'Khám phá nhiếp ảnh cơ bản', N'Khóa học cung cấp kiến thức cơ bản về nhiếp ảnh, bao gồm kỹ thuật chụp hình và sử dụng máy ảnh', 7000000, N'40 Giờ', 2, 1, 2),
(N'Thiết kế ánh sáng trong nhiếp ảnh', N'Khám phá thiết kế ánh sáng', N'Khóa học cung cấp kiến thức về cách sử dụng ánh sáng để tạo hiệu ứng trong nhiếp ảnh', 7500000, N'50 Giờ', 4, 1, 2),
(N'Nhiếp ảnh chân dung', N'Khám phá nhiếp ảnh chân dung', N'Khóa học cung cấp kiến thức về kỹ thuật nhiếp ảnh chân dung và tương tác với đối tượng', 8000000, N'55 Giờ', 2, 1, 2),
(N'Nhiếp ảnh thương mại', N'Khám phá nhiếp ảnh thương mại', N'Khóa học cung cấp kiến thức về nhiếp ảnh thương mại và chụp hình sản phẩm', 7800000, N'50 Giờ', 4, 1, 2),
(N'Chỉnh sửa ảnh chuyên nghiệp', N'Khám phá chỉnh sửa ảnh', N'Khóa học cung cấp kiến thức về chỉnh sửa ảnh và sử dụng các phần mềm như Photoshop', 7200000, N'45 Giờ', 2, 1, 2),
(N'Nhập môn thiết kế thời trang', N'Khám phá thiết kế thời trang', N'Khóa học cung cấp kiến thức cơ bản về thiết kế thời trang và xu hướng thời trang', 7000000, N'40 Giờ', 2, 1, 2),
(N'Kỹ thuật vẽ thiết kế thời trang', N'Khám phá kỹ thuật vẽ thời trang', N'Khóa học cung cấp kỹ năng vẽ các thiết kế thời trang bằng tay và trên phần mềm', 7500000, N'50 Giờ', 4, 1, 2),
(N'Quản lý thương hiệu thời trang', N'Khám phá quản lý thương hiệu thời trang', N'Khóa học cung cấp kiến thức về xây dựng và quản lý thương hiệu thời trang', 8000000, N'55 Giờ', 5, 1, 2),
(N'Thiết kế trang phục', N'Khám phá thiết kế trang phục', N'Khóa học cung cấp kiến thức về cách thiết kế trang phục từ ý tưởng đến sản phẩm cuối cùng', 7800000, N'50 Giờ', 4, 1, 2),
(N'Trình diễn và quảng bá thời trang', N'Khám phá trình diễn thời trang', N'Khóa học cung cấp kiến thức về cách tổ chức các buổi trình diễn và quảng bá thời trang', 7200000, N'45 Giờ', 5, 1, 2),
(N'Nhập môn tâm lý học lâm sàng', N'Khám phá tâm lý học lâm sàng', N'Khóa học cung cấp kiến thức cơ bản về tâm lý học và các vấn đề tâm lý trong trị liệu', 7000000, N'40 Giờ', 5, 1, 2),
(N'Kỹ thuật trị liệu tâm lý', N'Khám phá trị liệu tâm lý', N'Khóa học cung cấp kiến thức về các kỹ thuật trị liệu tâm lý và ứng dụng trong lâm sàng', 7500000, N'50 Giờ', 4, 1, 2),
(N'Tâm lý học hành vi', N'Khám phá tâm lý học hành vi', N'Khóa học cung cấp kiến thức về tâm lý học hành vi và ứng dụng trong điều trị', 8000000, N'55 Giờ', 5, 1, 2),
(N'Chẩn đoán và điều trị tâm lý', N'Khám phá chẩn đoán và điều trị tâm lý', N'Khóa học cung cấp kiến thức về các phương pháp chẩn đoán và điều trị các rối loạn tâm lý', 7800000, N'50 Giờ', 4, 1, 2),
(N'Phân tích tâm lý học', N'Khám phá phân tích tâm lý học', N'Khóa học cung cấp kiến thức về các phương pháp phân tích tâm lý học trong trị liệu', 7200000, N'45 Giờ', 5, 1, 2),
(N'Giới thiệu về tư vấn giáo dục', N'Khám phá tư vấn giáo dục', N'Khóa học cung cấp kiến thức cơ bản về tư vấn giáo dục và các phương pháp tiếp cận học sinh', 7000000, N'40 Giờ', 5, 1, 2),
(N'Tư vấn học tập', N'Khám phá tư vấn học tập', N'Khóa học cung cấp kiến thức về tư vấn học tập cho học sinh và sinh viên', 7500000, N'50 Giờ', 4, 1, 2),
(N'Chiến lược tư vấn nghề nghiệp', N'Khám phá tư vấn nghề nghiệp', N'Khóa học cung cấp chiến lược tư vấn nghề nghiệp cho học sinh và sinh viên', 8000000, N'55 Giờ', 5, 1, 2),
(N'Tư vấn phát triển kỹ năng mềm', N'Khám phá kỹ năng mềm', N'Khóa học cung cấp kiến thức về tư vấn phát triển kỹ năng mềm cho học sinh', 7800000, N'50 Giờ', 4, 1, 2),
(N'Quản lý học sinh và sinh viên', N'Khám phá quản lý học sinh và sinh viên', N'Khóa học cung cấp kiến thức về cách quản lý và hỗ trợ học sinh trong học tập', 7200000, N'45 Giờ', 5, 1, 2),
(N'Giới thiệu về công tác xã hội', N'Khám phá công tác xã hội', N'Khóa học cung cấp kiến thức cơ bản về công tác xã hội và các vấn đề xã hội', 7000000, N'40 Giờ', 5, 1, 2),
(N'Kỹ năng giao tiếp trong công tác xã hội', N'Khám phá kỹ năng giao tiếp', N'Khóa học giúp cải thiện kỹ năng giao tiếp trong công tác xã hội', 7500000, N'50 Giờ', 4, 1, 2),
(N'Quản lý và can thiệp xã hội', N'Khám phá quản lý và can thiệp xã hội', N'Khóa học giúp học viên phát triển kỹ năng can thiệp và quản lý trong công tác xã hội', 8000000, N'55 Giờ', 5, 1, 2),
(N'Xử lý khủng hoảng trong công tác xã hội', N'Khám phá xử lý khủng hoảng', N'Khóa học cung cấp kỹ năng xử lý tình huống khủng hoảng trong công tác xã hội', 7800000, N'50 Giờ', 4, 1, 2),
(N'Phát triển cộng đồng', N'Khám phá phát triển cộng đồng', N'Khóa học cung cấp kiến thức về phát triển cộng đồng trong công tác xã hội', 7200000, N'45 Giờ', 5, 1, 2),
(N'Giới thiệu về kỹ năng mềm', N'Khám phá kỹ năng mềm', N'Khóa học cung cấp kiến thức về kỹ năng mềm cần thiết trong công việc và đời sống', 7000000, N'40 Giờ', 5, 1, 2),
(N'Kỹ năng giao tiếp hiệu quả', N'Khám phá kỹ năng giao tiếp', N'Khóa học giúp nâng cao kỹ năng giao tiếp và thuyết phục trong công việc', 7500000, N'50 Giờ', 4, 1, 2),
(N'Kỹ năng giải quyết vấn đề', N'Khám phá kỹ năng giải quyết vấn đề', N'Khóa học giúp phát triển khả năng giải quyết vấn đề trong môi trường công sở', 8000000, N'55 Giờ', 5, 1, 2),
(N'Kỹ năng lãnh đạo và quản lý nhóm', N'Khám phá kỹ năng lãnh đạo', N'Khóa học cung cấp kỹ năng lãnh đạo và quản lý nhóm hiệu quả', 7800000, N'50 Giờ', 4, 1, 2),
(N'Kỹ năng quản lý thời gian', N'Khám phá kỹ năng quản lý thời gian', N'Khóa học giúp học viên tối ưu hóa thời gian trong công việc và cuộc sống', 7200000, N'45 Giờ', 5, 1, 2),
(N'Giới thiệu về truyền thông xã hội', N'Khám phá truyền thông xã hội', N'Khóa học cung cấp kiến thức về các nền tảng truyền thông xã hội phổ biến', 7000000, N'40 Giờ', 5, 1, 2),
(N'Chiến lược truyền thông xã hội', N'Khám phá chiến lược truyền thông', N'Khóa học giúp phát triển chiến lược truyền thông xã hội hiệu quả cho các thương hiệu', 7500000, N'50 Giờ', 4, 1, 2),
(N'Quản lý cộng đồng trực tuyến', N'Khám phá quản lý cộng đồng', N'Khóa học cung cấp kỹ năng quản lý cộng đồng trực tuyến và tương tác với người theo dõi', 8000000, N'55 Giờ', 5, 1, 2),
(N'Tiếp thị và quảng cáo trên mạng xã hội', N'Khám phá quảng cáo trên mạng xã hội', N'Khóa học cung cấp kiến thức về tiếp thị và quảng cáo trên các nền tảng mạng xã hội', 7800000, N'50 Giờ', 4, 1, 2),
(N'Phân tích và đo lường hiệu quả truyền thông', N'Khám phá phân tích truyền thông', N'Khóa học giúp học viên đo lường và đánh giá hiệu quả các chiến lược truyền thông xã hội', 7200000, N'45 Giờ', 5, 1, 2),
(N'Khởi nghiệp công nghệ 101', N'Khám phá khởi nghiệp công nghệ', N'Khóa học cung cấp kiến thức cơ bản về khởi nghiệp công nghệ và các yếu tố cần thiết', 7000000, N'40 Giờ', 5, 1, 2),
(N'Phát triển sản phẩm công nghệ', N'Khám phá phát triển sản phẩm công nghệ', N'Khóa học cung cấp kiến thức về phát triển sản phẩm công nghệ từ ý tưởng đến thực tế', 7500000, N'50 Giờ', 4, 1, 2),
(N'Chiến lược gọi vốn cho startup', N'Khám phá gọi vốn', N'Khóa học giúp học viên phát triển chiến lược gọi vốn và thu hút các nhà đầu tư', 8000000, N'55 Giờ', 5, 1, 2),
(N'Xây dựng thương hiệu cho startup công nghệ', N'Khám phá xây dựng thương hiệu', N'Khóa học cung cấp kiến thức về xây dựng thương hiệu và marketing cho các startup công nghệ', 7800000, N'50 Giờ', 4, 1, 2),
(N'Quản lý và phát triển đội ngũ trong startup', N'Khám phá quản lý đội ngũ', N'Khóa học cung cấp kiến thức về quản lý đội ngũ và phát triển nhân sự trong startup công nghệ', 7200000, N'45 Giờ', 5, 1, 2),
(N'Giới thiệu về chuỗi cung ứng', N'Khám phá chuỗi cung ứng', N'Khóa học cung cấp kiến thức cơ bản về chuỗi cung ứng và quản lý vận hành', 7000000, N'40 Giờ', 5, 1, 2),
(N'Quản lý kho và vận chuyển', N'Khám phá quản lý kho', N'Khóa học cung cấp kiến thức về quản lý kho bãi và quy trình vận chuyển hàng hóa', 7500000, N'50 Giờ', 4, 1, 2),
(N'Quản lý tồn kho trong chuỗi cung ứng', N'Khám phá quản lý tồn kho', N'Khóa học cung cấp các chiến lược quản lý tồn kho hiệu quả trong chuỗi cung ứng', 8000000, N'55 Giờ', 5, 1, 2),
(N'Phân tích dữ liệu chuỗi cung ứng', N'Khám phá phân tích chuỗi cung ứng', N'Khóa học cung cấp kiến thức về sử dụng dữ liệu để tối ưu hóa chuỗi cung ứng', 7800000, N'50 Giờ', 4, 1, 2),
(N'Quản lý rủi ro trong chuỗi cung ứng', N'Khám phá quản lý rủi ro', N'Khóa học cung cấp kiến thức về việc quản lý và giảm thiểu rủi ro trong chuỗi cung ứng', 7200000, N'45 Giờ', 5, 1, 2),
(N'Giới thiệu về marketing số', N'Khám phá marketing số', N'Khóa học cung cấp kiến thức cơ bản về marketing số và các công cụ hỗ trợ', 7000000, N'40 Giờ', 5, 1, 2),
(N'Tiếp thị qua mạng xã hội', N'Khám phá tiếp thị qua mạng xã hội', N'Khóa học cung cấp kiến thức về cách tiếp thị hiệu quả qua các nền tảng mạng xã hội', 7500000, N'50 Giờ', 4, 1, 2),
(N'Tối ưu hóa công cụ tìm kiếm (SEO)', N'Khám phá SEO', N'Khóa học cung cấp kiến thức về tối ưu hóa công cụ tìm kiếm để thu hút khách hàng', 8000000, N'55 Giờ', 5, 1, 2),
(N'Quảng cáo trả tiền trên mạng', N'Khám phá quảng cáo trả tiền', N'Khóa học giúp học viên hiểu và áp dụng các chiến lược quảng cáo trả tiền trên các nền tảng mạng', 7800000, N'50 Giờ', 4, 1, 2),
(N'Phân tích dữ liệu trong marketing', N'Khám phá phân tích marketing', N'Khóa học cung cấp kiến thức về phân tích dữ liệu và ứng dụng trong marketing số', 7200000, N'45 Giờ', 5, 1, 2),
(N'Giới thiệu về quản lý dự án', N'Khám phá quản lý dự án', N'Khóa học cung cấp kiến thức cơ bản về quản lý dự án và các phương pháp quản lý', 7000000, N'40 Giờ', 2, 1, 2),
(N'Quản lý rủi ro trong dự án', N'Khám phá quản lý rủi ro', N'Khóa học giúp học viên hiểu và áp dụng các chiến lược quản lý rủi ro trong dự án', 7500000, N'50 Giờ', 4, 1, 2),
(N'Quản lý ngân sách dự án', N'Khám phá quản lý ngân sách', N'Khóa học cung cấp kiến thức về quản lý ngân sách và chi phí trong dự án', 8000000, N'55 Giờ', 2, 1, 2),
(N'Quản lý thời gian dự án', N'Khám phá quản lý thời gian', N'Khóa học giúp học viên phát triển kỹ năng quản lý thời gian trong các dự án', 7800000, N'50 Giờ', 4, 1, 2),
(N'Quản lý nhóm và giao tiếp trong dự án', N'Khám phá quản lý nhóm', N'Khóa học cung cấp kỹ năng quản lý nhóm và giao tiếp hiệu quả trong dự án', 7200000, N'45 Giờ', 2, 1, 2),
(N'Giới thiệu về thương mại điện tử', N'Khám phá thương mại điện tử', N'Khóa học cung cấp kiến thức cơ bản về thương mại điện tử và các nền tảng bán hàng trực tuyến', 7000000, N'40 Giờ', 2, 1, 2),
(N'Chiến lược bán hàng trực tuyến', N'Khám phá chiến lược bán hàng', N'Khóa học giúp phát triển chiến lược bán hàng trực tuyến hiệu quả cho doanh nghiệp', 7500000, N'50 Giờ', 4, 1, 2),
(N'Quản lý kho và giao hàng trong thương mại điện tử', N'Khám phá quản lý kho và giao hàng', N'Khóa học cung cấp kiến thức về quản lý kho bãi và quy trình giao hàng trong thương mại điện tử', 8000000, N'55 Giờ', 2, 1, 2),
(N'Tiếp thị trực tuyến trong thương mại điện tử', N'Khám phá tiếp thị trực tuyến', N'Khóa học cung cấp kiến thức về tiếp thị trực tuyến và quảng cáo trên các nền tảng số', 7800000, N'50 Giờ', 4, 1, 2),
(N'Phân tích dữ liệu trong thương mại điện tử', N'Khám phá phân tích dữ liệu', N'Khóa học cung cấp kỹ năng phân tích dữ liệu và đánh giá hiệu quả các chiến lược thương mại điện tử', 7200000, N'45 Giờ', 2, 1, 2),
(N'Giới thiệu về quản trị dữ liệu', N'Khám phá quản trị dữ liệu', N'Khóa học cung cấp kiến thức cơ bản về quản trị dữ liệu và các công cụ hỗ trợ', 7000000, N'40 Giờ', 2, 1, 2),
(N'Quản lý cơ sở dữ liệu', N'Khám phá cơ sở dữ liệu', N'Khóa học cung cấp kiến thức về thiết kế và quản lý cơ sở dữ liệu', 7500000, N'50 Giờ', 4, 1, 2),
(N'Phân tích dữ liệu và báo cáo', N'Khám phá phân tích dữ liệu', N'Khóa học giúp học viên phát triển kỹ năng phân tích dữ liệu và tạo báo cáo', 8000000, N'55 Giờ', 5, 1, 2),
(N'Quản lý bảo mật dữ liệu', N'Khám phá bảo mật dữ liệu', N'Khóa học cung cấp kiến thức về bảo mật và bảo vệ dữ liệu trong các tổ chức', 7800000, N'50 Giờ', 4, 1, 2),
(N'Quản lý dự án dữ liệu', N'Khám phá quản lý dự án dữ liệu', N'Khóa học giúp học viên hiểu và áp dụng các phương pháp quản lý dự án dữ liệu', 7200000, N'45 Giờ', 5, 1, 2),
(N'Giới thiệu về kiểm toán CNTT', N'Khám phá kiểm toán CNTT', N'Khóa học cung cấp kiến thức cơ bản về kiểm toán hệ thống CNTT trong tổ chức', 7000000, N'40 Giờ', 5, 1, 2),
(N'Quản lý kiểm soát nội bộ hệ thống CNTT', N'Khám phá kiểm soát nội bộ', N'Khóa học cung cấp kỹ năng quản lý kiểm soát nội bộ trong các hệ thống CNTT', 7500000, N'50 Giờ', 4, 1, 2),
(N'Kiểm tra và đánh giá an ninh hệ thống CNTT', N'Khám phá an ninh CNTT', N'Khóa học giúp học viên đánh giá và kiểm tra an ninh trong các hệ thống CNTT', 8000000, N'55 Giờ', 5, 1, 2),
(N'Phân tích và xử lý sự cố CNTT', N'Khám phá phân tích sự cố', N'Khóa học cung cấp kiến thức về phân tích và xử lý sự cố CNTT trong doanh nghiệp', 7800000, N'50 Giờ', 4, 1, 2),
(N'Phân tích rủi ro trong kiểm toán CNTT', N'Khám phá phân tích rủi ro', N'Khóa học giúp học viên phân tích và đánh giá các rủi ro trong kiểm toán CNTT', 7200000, N'45 Giờ', 5, 1, 2),
(N'Giới thiệu về quản trị nhân sự', N'Khám phá quản trị nhân sự', N'Khóa học cung cấp kiến thức cơ bản về quản trị nhân sự và các phương pháp tuyển dụng', 7000000, N'40 Giờ', 5, 1, 2),
(N'Quản lý tuyển dụng và phát triển nhân sự', N'Khám phá tuyển dụng nhân sự', N'Khóa học cung cấp kỹ năng quản lý tuyển dụng và phát triển nguồn nhân lực', 7500000, N'50 Giờ', 4, 1, 2),
(N'Quản lý hiệu suất nhân sự', N'Khám phá quản lý hiệu suất', N'Khóa học giúp học viên phát triển các phương pháp đánh giá hiệu suất nhân sự', 8000000, N'55 Giờ', 5, 1, 2),
(N'Xây dựng môi trường làm việc tích cực', N'Khám phá môi trường làm việc tích cực', N'Khóa học cung cấp kiến thức về xây dựng môi trường làm việc tích cực và hiệu quả', 7800000, N'50 Giờ', 4, 1, 2),
(N'Chế độ đãi ngộ và phúc lợi', N'Khám phá chế độ đãi ngộ', N'Khóa học cung cấp các kiến thức về chế độ đãi ngộ và phúc lợi trong doanh nghiệp', 7200000, N'45 Giờ', 5, 1, 2),
(N'Giới thiệu về xử lý tài liệu pháp lý', N'Khám phá xử lý tài liệu pháp lý', N'Khóa học cung cấp kiến thức cơ bản về xử lý tài liệu pháp lý trong các tổ chức', 7000000, N'40 Giờ', 5, 1, 2),
(N'Quản lý tài liệu pháp lý', N'Khám phá quản lý tài liệu pháp lý', N'Khóa học giúp học viên nắm vững kỹ năng quản lý và lưu trữ tài liệu pháp lý', 7500000, N'50 Giờ', 4, 1, 2),
(N'Phân loại và xử lý tài liệu pháp lý', N'Khám phá phân loại tài liệu pháp lý', N'Khóa học cung cấp kiến thức về phân loại và xử lý tài liệu pháp lý theo quy định', 8000000, N'55 Giờ', 5, 1, 2),
(N'Quy trình xử lý tài liệu pháp lý', N'Khám phá quy trình xử lý', N'Khóa học cung cấp các bước quy trình chuẩn trong việc xử lý tài liệu pháp lý', 7800000, N'50 Giờ', 4, 1, 2),
(N'Bảo mật và an toàn tài liệu pháp lý', N'Khám phá bảo mật tài liệu pháp lý', N'Khóa học cung cấp các kỹ năng bảo mật và an toàn tài liệu pháp lý trong môi trường công ty', 7200000, N'45 Giờ', 5, 1, 2),
(N'Giới thiệu về kế toán quản trị', N'Khám phá kế toán quản trị', N'Khóa học cung cấp kiến thức cơ bản về kế toán quản trị và báo cáo tài chính', 7000000, N'40 Giờ', 5, 1, 2),
(N'Phân tích chi phí và lập ngân sách', N'Khám phá phân tích chi phí', N'Khóa học cung cấp kiến thức về phân tích chi phí và lập ngân sách trong kế toán quản trị', 7500000, N'50 Giờ', 4, 1, 2),
(N'Quản lý tài chính doanh nghiệp', N'Khám phá quản lý tài chính', N'Khóa học cung cấp kỹ năng quản lý tài chính và kế toán trong doanh nghiệp', 8000000, N'55 Giờ', 5, 1, 2),
(N'Quản lý dòng tiền và đầu tư', N'Khám phá quản lý dòng tiền', N'Khóa học giúp học viên hiểu và quản lý dòng tiền và đầu tư trong doanh nghiệp', 7800000, N'50 Giờ', 4, 1, 2),
(N'Kế toán tài chính và kế toán quản trị', N'Khám phá kế toán tài chính', N'Khóa học cung cấp kiến thức về kế toán tài chính và kế toán quản trị trong công ty', 7200000, N'45 Giờ', 5, 1, 2);
go

----------------------------------------------------------------------------------------------------------------
----------------------------------------------------------------------------------------------------------------
INSERT INTO CourseField ([course_id], [field_id])
VALUES
(0, 0), (1, 0), (2, 0), (3, 0), (4, 0),
(5, 1), (6, 1), (7, 1), (8, 1), (9, 1),
(10, 2), (11, 2), (12, 2), (13, 2), (14, 2),
(15, 3), (16, 3), (17, 3), (18, 3), (19, 3),
(20, 4), (21, 4), (22, 4), (23, 4), (24, 4),
(25, 5), (26, 5), (27, 5), (28, 5), (29, 5),
(30, 6), (31, 6), (32, 6), (33, 6), (34, 6),
(35, 7), (36, 7), (37, 7), (38, 7), (39, 7),
(40, 8), (41, 8), (42, 8), (43, 8), (44, 8),
(45, 9), (46, 9), (47, 9), (48, 9), (49, 9),
(50, 10), (51, 10), (52, 10), (53, 10), (54, 10),
(55, 11), (56, 11), (57, 11), (58, 11), (59, 11),
(60, 12), (61, 12), (62, 12), (63, 12), (64, 12),
(65, 13), (66, 13), (67, 13), (68, 13), (69, 13),
(70, 14), (71, 14), (72, 14), (73, 14), (74, 14),
(75, 15), (76, 15), (77, 15), (78, 15), (79, 15),
(80, 16), (81, 16), (82, 16), (83, 16), (84, 16),
(85, 17), (86, 17), (87, 17), (88, 17), (89, 17),
(90, 18), (91, 18), (92, 18), (93, 18), (94, 18),
(95, 19), (96, 19), (97, 19), (98, 19), (99, 19),
(100, 20), (101, 20), (102, 20), (103, 20), (104, 20),
(105, 21), (106, 21), (107, 21), (108, 21), (109, 21),
(110, 22), (111, 22), (112, 22), (113, 22), (114, 22),
(115, 23), (116, 23), (117, 23), (118, 23), (119, 23),
(120, 24), (121, 24), (122, 24), (123, 24), (124, 24),
(125, 25), (126, 25), (127, 25), (128, 25), (129, 25),
(130, 26), (131, 26), (132, 26), (133, 26), (134, 26),
(135, 27), (136, 27), (137, 27), (138, 27), (139, 27),
(140, 28), (141, 28), (142, 28), (143, 28), (144, 28),
(145, 29), (146, 29), (147, 29), (148, 29), (149, 29);

------------------------------------------------------------------------------------------------------------
------------------------------------------------------------------------------------------------------------
INSERT INTO [Enrollments] ([user_id], [course_id], [enrollment_is_complete])
VALUES 
(1, 1, 1), (2, 1, 0), (3, 1, 1), (4, 1, 1), (5, 1, 0), (6, 1, 1), (7, 1, 1), (8, 1, 0), (9, 1, 1), (10, 1, 0), (11, 1, 1),(12, 1, 1),(13, 1, 1),(14, 1, 1),(15, 1, 1),(16, 1, 1),
(2, 2, 1), (3, 2, 0), (4, 2, 1), (5, 2, 0), (6, 2, 1), (7, 2, 1), (8, 2, 0), (12, 2, 1),
(1, 3, 1), (4, 3, 0), (6, 3, 1), (9, 3, 1), (10, 3, 0), (11, 3, 1), (13, 3, 0), (15, 3, 1), (16, 3, 0), (17, 3, 1),
(3, 4, 1), (5, 4, 0), (7, 4, 1), (8, 4, 0), (9, 4, 1), (10, 4, 1), (12, 4, 0), (14, 4, 1), (16, 4, 0), (18, 4, 1), (19, 4, 0),
(2, 5, 1), (4, 5, 0), (6, 5, 1), (7, 5, 1),
(1, 6, 1), (3, 6, 0), (5, 6, 1), (8, 6, 1), (9, 6, 0), (10, 6, 1), (13, 6, 0), (14, 6, 1), (18, 6, 0), (21, 6, 1),
(2, 7, 1), (4, 7, 0), (7, 7, 1), (9, 7, 1), (11, 7, 0), (12, 7, 1), (16, 7, 0), (19, 7, 1), (20, 7, 0), (22, 7, 1),
(3, 8, 1), (5, 8, 0), (6, 8, 1), (7, 8, 1), (9, 8, 0), (11, 8, 1), (12, 8, 0), (17, 8, 1), (19, 8, 0),
(1, 9, 1), (2, 9, 0), (4, 9, 1), (5, 9, 0), (8, 9, 1), (9, 9, 1), (10, 9, 0), (14, 9, 1), (15, 9, 0), (21, 9, 1),
(3, 10, 1), (5, 10, 0), (6, 10, 1), (8, 10, 0), (9, 10, 1), (13, 10, 0), (16, 10, 1), (18, 10, 0), (20, 10, 1), (22, 10, 0),
(2, 11, 1), (3, 11, 0), (5, 11, 1), (7, 11, 1), (10, 11, 0), (12, 11, 1), (14, 11, 0), (16, 11, 1), (18, 11, 1), (20, 11, 0),(11, 1, 1),(15, 1, 1),(17, 1, 1),(19, 1, 1),
(1, 12, 1), (4, 12, 0), (6, 12, 1), (8, 12, 0), (9, 12, 1), (11, 12, 1), (15, 12, 0), (17, 12, 1), (19, 12, 0), (21, 12, 1),
(3, 13, 1), (5, 13, 0), (6, 13, 1), (7, 13, 1), (8, 13, 0), (10, 13, 1), (12, 13, 0), (13, 13, 1), (16, 13, 1), (22, 13, 0),
(2, 14, 1), (4, 14, 0), (5, 14, 1), (6, 14, 0), (8, 14, 1), (9, 14, 1),
(1, 15, 1), (3, 15, 0), (5, 15, 1), (6, 15, 1), (9, 15, 0), (10, 15, 1), (14, 15, 1), (17, 15, 0), (20, 15, 1), 
(4, 16, 1), (5, 16, 0), (7, 16, 1), (8, 16, 1), (10, 16, 0), (13, 16, 1), (15, 16, 0), (18, 16, 1), (21, 16, 1), (24, 16, 0),
(1, 17, 1), (3, 17, 0), (5, 17, 1), (6, 17, 1), (9, 17, 0), (12, 17, 1), (14, 17, 1), 
(2, 18, 1), (3, 18, 0), (7, 18, 1), (9, 18, 0), (11, 18, 1), (13, 18, 1), (15, 18, 0), (17, 18, 1), (20, 18, 1),
(1, 19, 1), (4, 19, 0), (6, 19, 1), (7, 19, 1), (8, 19, 0), (10, 19, 1), (12, 19, 1), (16, 19, 0), (21, 19, 1), (26, 19, 1),(9, 1, 1),(11, 1, 1),
(3, 20, 1), (5, 20, 0), (7, 20, 1), (9, 20, 0), (10, 20, 1), (14, 20, 1), (15, 20, 0), (18, 20, 1), (23, 20, 1), (27, 20, 0),
(2, 21, 1), (5, 21, 0), (8, 21, 1), (9, 21, 0), (10, 21, 1), (12, 21, 1), (14, 21, 0),
(1, 22, 1), (3, 22, 0), (6, 22, 1), (8, 22, 1), (9, 22, 0), (10, 22, 1), (13, 22, 1), (15, 22, 0), (19, 22, 1), (29, 22, 0),
(4, 23, 1), (5, 23, 0), (7, 23, 1), (9, 23, 1), (12, 23, 0), (13, 23, 1), (16, 23, 1), (20, 23, 0), (23, 23, 1),
(2, 24, 1), (4, 24, 0), (6, 24, 1), (8, 24, 1), (11, 24, 0), (15, 24, 1), (18, 24, 1), (21, 24, 0), (24, 24, 1), (31, 24, 1),
(1, 25, 1), (3, 25, 0), (5, 25, 1), (6, 25, 1), (9, 25, 0), (10, 25, 1), 
(3, 26, 1), (5, 26, 0), (7, 26, 1), (9, 26, 0), (10, 26, 1), (12, 26, 1), (16, 26, 0), (20, 26, 1), (28, 26, 1), (33, 26, 0),
(1, 27, 1), (4, 27, 0), (5, 27, 1), (6, 27, 1), (8, 27, 0), (10, 27, 1), (12, 27, 1), (17, 27, 0), (21, 27, 1), (34, 27, 1),
(2, 28, 1), (4, 28, 0), (6, 28, 1), (8, 28, 1), (9, 28, 0), (10, 28, 1), (15, 28, 1),
(3, 29, 1), (5, 29, 0), (6, 29, 1), (7, 29, 1), (9, 29, 0), (12, 29, 1), (13, 29, 1), (18, 29, 0), (22, 29, 1), (36, 29, 1),
(1, 30, 1), (4, 30, 0), (5, 30, 1), (8, 30, 1), (10, 30, 0), (11, 30, 1), (14, 30, 1);
go
